Georgetown Roofing Co.	Roofer	Roofer	+1 512-563-4050	https://www.georgetownroofs.com/	50205 Raindance Dr, Georgetown, TX 78626	Georgetown	Texas	78626	5	22	https://www.google.com/maps/place/Georgetown+Roofing+Co./@30.639351599999998,-97.6339181,14z/data=!4m8!1m2!2m1!1sGeorgetown+Roofing+Co.!3m4!1s0x8644d7bd6fee6f4b:0x2234266a87afddd8!8m2!3d30.639351599999998!4d-97.6339181
Texas Traditions Roofing	Roofer	Roofer	+1 512-415-4590	https://www.texastraditionsroofing.com/	508 Cedar Dr, Georgetown, TX 78628	Georgetown	Texas	78628	4.9	410	https://www.google.com/maps/place/Texas+Traditions+Roofing/@30.650253499999998,-97.6823246,14z/data=!4m8!1m2!2m1!1sTexas+Traditions+Roofing!3m4!1s0x8644d7c630511645:0x5ad6295f54eb961d!8m2!3d30.650253499999998!4d-97.6823246
Ark Roofer	Roofer	Roofer	+1 512-948-1638	https://arkroofer.com/	3555 W State Hwy 29, Georgetown, TX 78628	Georgetown	Texas	78628	5	491	https://www.google.com/maps/place/Ark+Roofer/@30.6310272,-97.7484332,14z/data=!4m8!1m2!2m1!1sArk+Roofer!3m4!1s0x8644d525132758d7:0xfd29d80dbd7ea4e0!8m2!3d30.6310272!4d-97.7484332
Sixth Gen Roofing	Roofer	Roofer	+1 512-645-2416	https://sixthgenroofing.com/	455 TX-195 A, Georgetown, TX 78633	Georgetown	Texas	78633	4.9	45	https://www.google.com/maps/place/Sixth+Gen+Roofing/@30.706655599999998,-97.65706899999999,14z/data=!4m8!1m2!2m1!1sSixth+Gen+Roofing!3m4!1s0x28eafb0641983b83:0x9c66a658a68b736a!8m2!3d30.706655599999998!4d-97.65706899999999
TAG Roofing & Exteriors	Roofer	Roofer	+1 737-258-4430	https://www.tagroofingexteriors.com/%3Futm_source%3DGMB%26utm_medium%3Dlocal%26utm_campaign%3Dgeorgetown-tx	557 S IH 35 Service Rd Suite 101, Georgetown, TX 78626	Georgetown	Texas	78626	5	120	https://www.google.com/maps/place/TAG+Roofing+%26+Exteriors/@30.6400169,-97.68723779999999,14z/data=!4m8!1m2!2m1!1sTAG+Roofing+%26+Exteriors!3m4!1s0x865b2d9353a63307:0xb6a2fb976f93f2b0!8m2!3d30.6400169!4d-97.68723779999999
Legacy Roof TX	Roofer	Roofer	+1 512-566-4303	http://legacyrooftx.com/	101 N Sumac Ln, Georgetown, TX 78633	Georgetown	Texas	78633	5	158	https://www.google.com/maps/place/Legacy+Roof+TX/@30.753117399999997,-97.8108993,14z/data=!4m8!1m2!2m1!1sLegacy+Roof+TX!3m4!1s0x865b2d4cb81e073b:0xba29704239d4ce0d!8m2!3d30.753117399999997!4d-97.8108993
Netzel Roofing & Construction LLC	Roofer	Roofer	+1 800-495-6007	http://www.netzelroofing.com/	601 Quail Valley Dr, Georgetown, TX 78626	Georgetown	Texas	78626	5	115	https://www.google.com/maps/place/Netzel+Roofing+%26+Construction+LLC/@30.6218711,-97.67093299999999,14z/data=!4m8!1m2!2m1!1sNetzel+Roofing+%26+Construction+LLC!3m4!1s0x8644d7ddef7de443:0x7305a7316cd3fae3!8m2!3d30.6218711!4d-97.67093299999999
Hall's Roofing & Sheet Metal	Roofer	Roofer	+1 512-864-7579	https://www.hallsroofing.net/%3Futm_source%3Dgoogle%26utm_medium%3Dorganic%26utm_campaign%3Dgmb	40216 Industrial Park Cir, Georgetown, TX 78626	Georgetown	Texas	78626	4.9	79	https://www.google.com/maps/place/Hall%27s+Roofing+%26+Sheet+Metal/@30.675624199999998,-97.6601577,14z/data=!4m8!1m2!2m1!1sHall%27s+Roofing+%26+Sheet+Metal!3m4!1s0x865b3326aaaaaaab:0xc5598200626b28f8!8m2!3d30.675624199999998!4d-97.6601577
A&W Roofing	Roofer	Roofer	+1 512-883-2851	https://awroofingaustin.com/%3Futm_source%3Dgoogle%26utm_medium%3Dorganic%26utm_campaign%3Dgbp	3875 E University Ave #107, Georgetown, TX 78626	Georgetown	Texas	78626	4.9	235	https://www.google.com/maps/place/A%26W+Roofing/@30.6451274,-97.6282104,14z/data=!4m8!1m2!2m1!1sA%26W+Roofing!3m4!1s0x8644d6f9b1f4b4ef:0xcfba944793fd048d!8m2!3d30.6451274!4d-97.6282104
APEX Roofing	Roofer	Roofer	+1 512-660-4859	https://www.apexroofingcompanies.com/	2913 Williams Dr Suite 315, Georgetown, TX 78628	Georgetown	Texas	78628	4.9	543	https://www.google.com/maps/place/APEX+Roofing/@30.6620724,-97.6896077,14z/data=!4m8!1m2!2m1!1sAPEX+Roofing!3m4!1s0x865b2daac9a862bb:0x744d2e493eb8a948!8m2!3d30.6620724!4d-97.6896077
Action Exteriors Austin	Roofer	Roofer	+1 512-844-1802	https://actionexteriors.com/austin	7200 Ranch Rd 2243, Georgetown, TX 78628	Georgetown	Texas	78628	4.9	321	https://www.google.com/maps/place/Action+Exteriors+Austin/@30.5948836,-97.80155099999999,14z/data=!4m8!1m2!2m1!1sAction+Exteriors+Austin!3m4!1s0x8644cd4d058800dd:0xddd317502e77a611!8m2!3d30.5948836!4d-97.80155099999999
Copper Ridge Roofing Georgetown	Roofer	Roofer	+1 737-315-8889		7501 I 35 N Frontage Rd, Georgetown, TX 78626	Georgetown	Texas	78626	5	16	https://www.google.com/maps/place/Copper+Ridge+Roofing+Georgetown/@30.5797442,-97.69093269999999,14z/data=!4m8!1m2!2m1!1sCopper+Ridge+Roofing+Georgetown!3m4!1s0x8644d74b243bae63:0xe30f45dc5b8cf68a!8m2!3d30.5797442!4d-97.69093269999999
Rebuild Texas Roofing and Windows	Roofer	Roofer	+1 254-414-0287		509 Rockport St, Georgetown, TX 78633	Georgetown	Texas	78633	4.8	59	https://www.google.com/maps/place/Rebuild+Texas+Roofing+and+Windows/@30.7318589,-97.68884899999999,14z/data=!4m8!1m2!2m1!1sRebuild+Texas+Roofing+and+Windows!3m4!1s0x86452961fe215991:0x7dc4ad24ade13b28!8m2!3d30.7318589!4d-97.68884899999999
Western Crest Roofing Georgetown	Roofer	Roofer	+1 512-737-1879		2548 Shell Rd, Georgetown, TX 78628	Georgetown	Texas	78628	5	13	https://www.google.com/maps/place/Western+Crest+Roofing+Georgetown/@30.7093274,-97.68828119999999,14z/data=!4m8!1m2!2m1!1sWestern+Crest+Roofing+Georgetown!3m4!1s0x864529621516c229:0xa18060d4bef3d95!8m2!3d30.7093274!4d-97.68828119999999
3 Kings Roofing	Roofer	Roofer	+1 833-314-7663	https://www.3kingsroofing.com/texas-locations	3887 E University Ave #1201, Georgetown, TX 78626	Georgetown	Texas	78626	4.7	28	https://www.google.com/maps/place/3+Kings+Roofing/@30.645496299999998,-97.6287717,14z/data=!4m8!1m2!2m1!1s3+Kings+Roofing!3m4!1s0xaa7adf680124e26f:0x4b3157fb329237a9!8m2!3d30.645496299999998!4d-97.6287717
Urtiz Roofing and Waterproofing	Roofer	Roofer	+1 512-619-2976	https://urtizroofing.com/	129 Wind Flower Ln, Georgetown, TX 78628	Georgetown	Texas	78628	5	111	https://www.google.com/maps/place/Urtiz+Roofing+and+Waterproofing/@30.6407797,-97.8507989,14z/data=!4m8!1m2!2m1!1sUrtiz+Roofing+and+Waterproofing!3m4!1s0x20006ea99535fbff:0x35030591e2955c2b!8m2!3d30.6407797!4d-97.8507989
TXN Roofing, LLC	Roofer	Roofer	+1 512-766-7976	https://www.txnroofing.com/	112 Grosseto Ln, Georgetown, TX 78628	Georgetown	Texas	78628	5	28	https://www.google.com/maps/place/TXN+Roofing%2C+LLC/@30.6284802,-97.81967189999999,14z/data=!4m8!1m2!2m1!1sTXN+Roofing%2C+LLC!3m4!1s0xbd3e0087248a697:0xeefb6c24668ce5cf!8m2!3d30.6284802!4d-97.81967189999999
Hometown Roofing Pros	Roofer	Roofer	+1 512-635-4206	https://www.hometownroofingpros.com/	109 W 9th St, Georgetown, TX 78626	Georgetown	Texas	78626	5	8	https://www.google.com/maps/place/Hometown+Roofing+Pros/@30.635916299999998,-97.67742729999999,14z/data=!4m8!1m2!2m1!1sHometown+Roofing+Pros!3m4!1s0x86452a1331ff8bc1:0x71438acef99d21dd!8m2!3d30.635916299999998!4d-97.67742729999999
Land M Roofs	Roofer	Roofer	+1 512-797-7852	http://landmroofs.com/	7401 FM971, Georgetown, TX 78626	Georgetown	Texas	78626	4.2	16	https://www.google.com/maps/place/Land+M+Roofs/@30.6820205,-97.5561961,14z/data=!4m8!1m2!2m1!1sLand+M+Roofs!3m4!1s0x86452764a1353673:0xd98206b99f6bbc4c!8m2!3d30.6820205!4d-97.5561961
1st Choice Roofing	Roofer	Roofer	+1 512-563-6575		104 Madison Oaks Ave #110, Georgetown, TX 78628	Georgetown	Texas	78628	4	4	https://www.google.com/maps/place/1st+Choice+Roofing/@30.616151,-97.680708,14z/data=!4m8!1m2!2m1!1s1st+Choice+Roofing!3m4!1s0x8644d68c14ee40a7:0x20ec930f7636a2c4!8m2!3d30.616151!4d-97.680708
CRG Roofing	Roofer	Roofer	+1 512-819-1572	https://crgroofingtx.com/	5750 Williams Dr, Georgetown, TX 78633	Georgetown	Texas	78633	5	45	https://www.google.com/maps/place/CRG+Roofing/@30.705099699999998,-97.7491696,14z/data=!4m8!1m2!2m1!1sCRG+Roofing!3m4!1s0x865cab2aa8f4c8a9:0x1bfe87ab96b50eb4!8m2!3d30.705099699999998!4d-97.7491696
Integro Construction Services	Roofer	Roofer	+1 512-987-1273	https://integrocs.com/	1108 Williams Dr, Georgetown, TX 78628	Georgetown	Texas	78628	5	63	https://www.google.com/maps/place/Integro+Construction+Services/@30.650776399999998,-97.6814129,14z/data=!4m8!1m2!2m1!1sIntegro+Construction+Services!3m4!1s0x8644b506293cf0a9:0x2d5fe7e54bf97338!8m2!3d30.650776399999998!4d-97.6814129
E4 Construction	Roofer	Roofer	+1 512-818-5922	https://www.e4roofing.com/	117 Mistflower Ln, Georgetown, TX 78633	Georgetown	Texas	78633	4.6	10	https://www.google.com/maps/place/E4+Construction/@30.717290799999997,-97.7091908,14z/data=!4m8!1m2!2m1!1sE4+Construction!3m4!1s0x864529ecc54bffff:0x33f65492b3e530d2!8m2!3d30.717290799999997!4d-97.7091908
CMAC Roofing	Roofer	Roofer	+1 512-864-0400	https://www.cmacroofing.com/	1301 Blue Ridge Dr #104, Georgetown, TX 78626	Georgetown	Texas	78626	5	2	https://www.google.com/maps/place/CMAC+Roofing/@30.5894642,-97.674522,14z/data=!4m8!1m2!2m1!1sCMAC+Roofing!3m4!1s0x8644d7c0adceaae1:0xa80e3e3321dac267!8m2!3d30.5894642!4d-97.674522
Lone Star Restoration	Roofer	Roofer	+1 512-529-0090	http://lonestarrestorationservices.com/	400 Arrezo Ln, Georgetown, TX 78628	Georgetown	Texas	78628	5	35	https://www.google.com/maps/place/Lone+Star+Restoration/@30.6297516,-97.8196931,14z/data=!4m8!1m2!2m1!1sLone+Star+Restoration!3m4!1s0x865b2b4fdf0a6fc3:0x1580e52b853da28b!8m2!3d30.6297516!4d-97.8196931
Millers Roofing	Roofer	Roofer	+1 512-869-1012	http://millerroofingtexas.com/	7723 Squirrel Hollow Dr, Georgetown, TX 78628	Georgetown	Texas	78628	5	1	https://www.google.com/maps/place/Millers+Roofing/@30.707139599999998,-97.6626527,14z/data=!4m8!1m2!2m1!1sMillers+Roofing!3m4!1s0x8645297f6ad408c7:0xf99006ebf69d2fd5!8m2!3d30.707139599999998!4d-97.6626527
Mike Huddleston Roofing Systems	Roofer	Roofer	+1 512-240-9014	https://mhhroofing.com/	5411 Williams Dr Ste 300, Georgetown, TX 78633	Georgetown	Texas	78633	5	2	https://www.google.com/maps/place/Mike+Huddleston+Roofing+Systems/@30.703757,-97.74416199999999,14z/data=!4m8!1m2!2m1!1sMike+Huddleston+Roofing+Systems!3m4!1s0x86452b88d05da66f:0x70cf30993a97b94a!8m2!3d30.703757!4d-97.74416199999999
Davis Roofing	Roofer	Roofer	+1 512-931-2017	http://www.davisroofingcentraltx.com/	4500 Williams Dr, Georgetown, TX 78633	Georgetown	Texas	78633	1	1	https://www.google.com/maps/place/Davis+Roofing/@30.682229999999997,-97.719788,14z/data=!4m8!1m2!2m1!1sDavis+Roofing!3m4!1s0x86452a134a8636f3:0x60406d5841ace18e!8m2!3d30.682229999999997!4d-97.719788
Stellar Exterior Services	Roofer	Roofer	+1 512-677-3330	https://stellarexteriorservices.com/	2601 N Austin Ave, Georgetown, TX 78626	Georgetown	Texas	78626	5	6	https://www.google.com/maps/place/Stellar+Exterior+Services/@30.668369799999997,-97.66193179999999,14z/data=!4m8!1m2!2m1!1sStellar+Exterior+Services!3m4!1s0x8644d15076599567:0x1eeae1381e607513!8m2!3d30.668369799999997!4d-97.66193179999999
San Gabriel Roofing LLC	Roofer	Roofer	+1 512-273-7663	http://sangabrielroofing-tx.com/	206 Neches Trail, Georgetown, TX 78633	Georgetown	Texas	78633	5	4	https://www.google.com/maps/place/San+Gabriel+Roofing+LLC/@30.7156292,-97.7995717,14z/data=!4m8!1m2!2m1!1sSan+Gabriel+Roofing+LLC!3m4!1s0x8644d74f6dd94665:0xa6c12c8dc9daf67f!8m2!3d30.7156292!4d-97.7995717
Mahan Home & Commercial Services, LLC	Roofer	Roofer	+1 512-828-7800	http://mahanhcs.com/	1530 Sun City Blvd ste 120-457, Georgetown, TX 78633	Georgetown	Texas	78633	5	3	https://www.google.com/maps/place/Mahan+Home+%26+Commercial+Services%2C+LLC/@30.714971499999997,-97.7217697,14z/data=!4m8!1m2!2m1!1sMahan+Home+%26+Commercial+Services%2C+LLC!3m4!1s0x8644d07e654f21bd:0xa9eae45d91bb3535!8m2!3d30.714971499999997!4d-97.7217697
Premier Plus Storm Team - Austin	Roofer	Roofer	+1 512-850-8774		107 Halmar Cove Unit 101, Georgetown, TX 78628	Georgetown	Texas	78628	5	21	https://www.google.com/maps/place/Premier+Plus+Storm+Team+-+Austin/@30.6847729,-97.67096169999999,14z/data=!4m8!1m2!2m1!1sPremier+Plus+Storm+Team+-+Austin!3m4!1s0x86452945566ee9eb:0xf8bf85f7b197b8d3!8m2!3d30.6847729!4d-97.67096169999999
Cool Tex Roofing & Services	Roofer	Roofer	+1 512-948-2665	https://cooltexroofing.net/contact-us	308 Starview Dr, Georgetown, TX 78628	Georgetown	Texas	78628	5	1	https://www.google.com/maps/place/Cool+Tex+Roofing+%26+Services/@30.6515535,-97.7028115,14z/data=!4m8!1m2!2m1!1sCool+Tex+Roofing+%26+Services!3m4!1s0x8644d5e3edac0001:0xfcdc480b4e783e4f!8m2!3d30.6515535!4d-97.7028115
Spirit Roofing Company	Roofer	Roofer	+1 512-772-8482		148 Melissa Ct, Georgetown, TX 78628	Georgetown	Texas	78628	4	3	https://www.google.com/maps/place/Spirit+Roofing+Company/@30.63471,-97.67922829999999,14z/data=!4m8!1m2!2m1!1sSpirit+Roofing+Company!3m4!1s0x8644d606d4d95f0d:0xe96ef33f31db487c!8m2!3d30.63471!4d-97.67922829999999
Reliant Plumbing - Georgetown	Plumber	Plumber	+1 512-688-8861	https://reliantplumbing.com/areas-we-serve/georgetown/%3Futm_source%3Dgoogle%26utm_medium%3Dwebsite%26utm_campaign%3Dgeorgetowngbp%26utm_id%3Dgeorgetown-GBP	1616 Williams Dr Suite 101, Georgetown, TX 78628	Georgetown	Texas	78628	4.8	446	https://www.google.com/maps/place/Reliant+Plumbing+-+Georgetown/@30.656359199999997,-97.6860293,14z/data=!4m8!1m2!2m1!1sReliant+Plumbing+-+Georgetown!3m4!1s0x8644d70053024add:0x938ed9ea49f649e9!8m2!3d30.656359199999997!4d-97.6860293
Roger's Plumbing Georgetown Plumber	Plumber	Plumber	+1 737-304-7579	https://callrogersplumbing.com/%3Futm_source%3DGBP%26utm_medium%3Dorganic	1500 W University Ave Suite 110, Georgetown, TX 78628	Georgetown	Texas	78628	4.9	256	https://www.google.com/maps/place/Roger%27s+Plumbing+Georgetown+Plumber/@30.6330852,-97.71176659999999,14z/data=!4m8!1m2!2m1!1sRoger%27s+Plumbing+Georgetown+Plumber!3m4!1s0xf650f07e3e27089:0xd174ac30545f54df!8m2!3d30.6330852!4d-97.71176659999999
Apple Plumbing Georgetown	Plumber	Plumber	+1 737-520-3433	https://highpoint-plumbing.com/	2995 Williams Dr, Georgetown, TX 78628	Georgetown	Texas	78628	5	34	https://www.google.com/maps/place/Apple+Plumbing+Georgetown/@30.6627677,-97.6908267,14z/data=!4m8!1m2!2m1!1sApple+Plumbing+Georgetown!3m4!1s0x8644d7c4ac2524f3:0x8277b6f40d25471b!8m2!3d30.6627677!4d-97.6908267
Georgetown Air Conditioning & Heating | AC Repair, Installation, Heating and Air Quality Services	HVAC	HVAC	+1 512-883-4491	http://georgetownac.com/	501 S Austin Ave floor 2 office 72, Suite 2	Georgetown	Texas	78626	4.7	193	https://www.google.com/maps/place/Georgetown+Air+Conditioning+%26+Heating+%7C+AC+Repair%2C+Installation%2C+Heating+and+Air+Quality+Services/@30.638917399999997,-97.6776605,14z/data=!4m8!1m2!2m1!1sGeorgetown+Air+Conditioning+%26+Heating+%7C+AC+Repair%2C+Installation%2C+Heating+and+Air+Quality+Services!3m4!1s0x86452af8e194e82b:0xe9924debc8ba0832!8m2!3d30.638917399999997!4d-97.6776605
Roger Stuth Air Conditioning	HVAC	HVAC	+1 512-945-9002	https://www.rogerstuthac.net/	1608 Williams Dr	Georgetown	Texas	78628	4.7	53	https://www.google.com/maps/place/Roger+Stuth+Air+Conditioning/@30.655329,-97.6852292,14z/data=!4m8!1m2!2m1!1sRoger+Stuth+Air+Conditioning!3m4!1s0x86452b92e4511feb:0xc82a456ba13f0b9e!8m2!3d30.655329!4d-97.6852292
Cool Kids AC, Heat & Plumbing	HVAC	HVAC	+1 512-866-0457	https://coolkidsac.com/ac-repair-georgetown-tx/	40225 Industrial Park Cir suite 104	Georgetown	Texas	78626	5	88	https://www.google.com/maps/place/Cool+Kids+AC%2C+Heat+%26+Plumbing/@30.6762749,-97.6593709,14z/data=!4m8!1m2!2m1!1sCool+Kids+AC%2C+Heat+%26+Plumbing!3m4!1s0x864529762bfbf5a5:0xe2f6cbbdcc187d2f!8m2!3d30.6762749!4d-97.6593709
Air Care AC Repair of Georgetown	HVAC	HVAC	+1 737-316-3171		135 Ruellia Dr	Georgetown	Texas	78633	5	5	https://www.google.com/maps/place/Air+Care+AC+Repair+of+Georgetown/@30.7168738,-97.70817339999999,14z/data=!4m8!1m2!2m1!1sAir+Care+AC+Repair+of+Georgetown!3m4!1s0x86452b1f6a4a66c5:0x970afa8a2056c6c8!8m2!3d30.7168738!4d-97.70817339999999
Amtech Mechanical	HVAC	HVAC	+1 512-252-1126	https://www.amtechmechanical.com/	6800 N Lakewood Dr	Georgetown	Texas	78633	4.6	40	https://www.google.com/maps/place/Amtech+Mechanical/@30.709675999999998,-97.7386574,14z/data=!4m8!1m2!2m1!1sAmtech+Mechanical!3m4!1s0x86452a551f8967d7:0xaab5e6bcca04784d!8m2!3d30.709675999999998!4d-97.7386574
CTR Services Air Conditioning & Heating	HVAC	HVAC	+1 512-651-2959	https://ctrairandheat.com/ac-services-georgetown-tx/%3Futm_source%3DGMB%26utm_medium%3Dorganic	601 Quail Valley Dr	Georgetown	Texas	78626	4.5	38	https://www.google.com/maps/place/CTR+Services+Air+Conditioning+%26+Heating/@30.621893,-97.67096169999999,14z/data=!4m8!1m2!2m1!1sCTR+Services+Air+Conditioning+%26+Heating!3m4!1s0x8644d7af881b8e31:0x473411b0cd79b7dd!8m2!3d30.621893!4d-97.67096169999999
Naylor Services, LLC	HVAC	HVAC	+1 512-515-7700	https://www.naylorservices.com/	1889 Co Rd 276	Georgetown	Texas	78633	5	66	https://www.google.com/maps/place/Van+Damme+Heating+and+Cooling+LLC/@30.758126999999998,-97.674031,14z/data=!4m8!1m2!2m1!1sVan+Damme+Heating+and+Cooling+LLC!3m4!1s0x888e8fae6bb15cdb:0x36fcbf80a120986c!8m2!3d30.758126999999998!4d-97.674031
Evenaire Heating and Air Conditioning	HVAC	HVAC	+1 512-990-2300	https://www.evenaire.biz/%3Futm_source%3Dgoogle%26utm_medium%3Dorganic%26utm_campaign%3Dgbp-profile	21424 Martin Ln	Georgetown	Texas	78628	4.9	143	https://www.google.com/maps/place/Bee+Cool+Texas+Heating+and+Air/@30.6844559,-97.6719837,14z/data=!4m8!1m2!2m1!1sBee+Cool+Texas+Heating+and+Air!3m4!1s0x8644db1971551733:0x4e8af0a2065f546d!8m2!3d30.6844559!4d-97.6719837
Quality Cooling, Heating & Plumbing	HVAC	HVAC	+1 512-910-3526	https://qualitycool.com/	106 Halmar Cove	Georgetown	Texas	78626	4.9	272	https://www.google.com/maps/place/Arctic+Air+Company/@30.633312099999998,-97.6462909,14z/data=!4m8!1m2!2m1!1sArctic+Air+Company!3m4!1s0x8644d765505db78b:0x5b0dec3bb3b62c72!8m2!3d30.633312099999998!4d-97.6462909
Aero Designed Systems	HVAC	HVAC	+1 512-863-3530	http://www.aerods.com/	150 Meda St	Georgetown	Texas	78628	4.9	915	https://www.google.com/maps/place/Quality+Cooling%2C+Heating+%26+Plumbing/@30.683199799999997,-97.6718944,14z/data=!4m8!1m2!2m1!1sQuality+Cooling%2C+Heating+%26+Plumbing!3m4!1s0x865b2b9aa8060e15:0x5d1060c5501e750a!8m2!3d30.683199799999997!4d-97.6718944
Cool Guys Heating and Air, LLC	HVAC	HVAC	+1 512-831-9322	https://coolguysheatac.com/	1608 Cliffbrake Wy	Georgetown	Texas	78626	4.9	241	https://www.google.com/maps/place/Aero+Designed+Systems/@30.663271499999997,-97.6602647,14z/data=!4m8!1m2!2m1!1sAero+Designed+Systems!3m4!1s0x8644d660ce28de97:0x84a57e626f0ebdaf!8m2!3d30.663271499999997!4d-97.6602647
Weir Texas AC & Heat LLC	HVAC	HVAC	+1 512-240-9905	https://www.weirtexac.com/	730 Co Rd 167	Georgetown	Texas	78626	5	86	https://www.google.com/maps/place/Cool+Guys+Heating+and+Air%2C+LLC/@30.6308302,-97.6386852,14z/data=!4m8!1m2!2m1!1sCool+Guys+Heating+and+Air%2C+LLC!3m4!1s0xa72cf5251e5771ed:0x62f68df34755f850!8m2!3d30.6308302!4d-97.6386852
Professional AC & Heating	HVAC	HVAC	+1 512-379-7200	http://www.myprofessionalacandheating.com/	1007 Glen Meadow Cove	Georgetown	Texas	78626	4.9	90	https://www.google.com/maps/place/Weir+Texas+AC+%26+Heat+LLC/@30.666791999999997,-97.574997,14z/data=!4m8!1m2!2m1!1sWeir+Texas+AC+%26+Heat+LLC!3m4!1s0x8644d91c426a2ae3:0xa443ff8cdb58d255!8m2!3d30.666791999999997!4d-97.574997
Miller Climate Control	HVAC	HVAC	+1 512-379-6873	https://www.millerclimatecontrol.com/%3Futm_source%3Dgoogle%26utm_medium%3Dorganic%26utm_campaign%3Dgbp-profile	723 W University Ave	Georgetown	Texas	78626	5	34	https://www.google.com/maps/place/Professional+AC+%26+Heating/@30.6355518,-97.6305495,14z/data=!4m8!1m2!2m1!1sProfessional+AC+%26+Heating!3m4!1s0x8644d75a7eed84dd:0xcfc83207eb08db5d!8m2!3d30.6355518!4d-97.6305495
McCullough Heating & Air Conditioning	HVAC	HVAC	+1 512-886-7205	https://coolmenow.com/georgetown/%3Futm_source%3Dgoogle%26utm_medium%3Dgbp-geo	5120 Airport Rd #125	Georgetown	Texas	78626	4.9	427	https://www.google.com/maps/place/Miller+Climate+Control/@30.633449,-97.682897,14z/data=!4m8!1m2!2m1!1sMiller+Climate+Control!3m4!1s0x8644d667c4f66b6f:0xa31a24dca5669b!8m2!3d30.633449!4d-97.682897
DTC Air Conditioning & Heating	HVAC	HVAC	+1 512-887-5091	https://www.dtctexas.com/	361 Logan Ranch Rd	Georgetown	Texas	78628	4.9	302	https://www.google.com/maps/place/McCullough+Heating+%26+Air+Conditioning/@30.6915613,-97.6716824,14z/data=!4m8!1m2!2m1!1sMcCullough+Heating+%26+Air+Conditioning!3m4!1s0x864529305c1aff55:0xc57f94b4733d2347!8m2!3d30.6915613!4d-97.6716824
Express HVAC Service	HVAC	HVAC	+1 512-819-6805	http://www.expresshvacservice.com/	40112 Industrial Park Cir	Georgetown	Texas	78628	4.5	127	https://www.google.com/maps/place/DTC+Air+Conditioning+%26+Heating/@30.7037618,-97.68993619999999,14z/data=!4m8!1m2!2m1!1sDTC+Air+Conditioning+%26+Heating!3m4!1s0x865b2c121ddd6b7f:0x7865b6d9cd84f93d!8m2!3d30.7037618!4d-97.68993619999999
Capitol Air Conditioning Services, LLC	HVAC	HVAC	+1 737-888-4689	https://capitolairconditioning.com/	40225 Industrial Park Cir Suite 101	Georgetown	Texas	78626	4.8	169	https://www.google.com/maps/place/Express+HVAC+Service/@30.6742466,-97.661402,14z/data=!4m8!1m2!2m1!1sExpress+HVAC+Service!3m4!1s0x8644d667c071a2c3:0x6f3391ea80e13268!8m2!3d30.6742466!4d-97.661402
Austex Air Conditioning & Heating LLC	HVAC	HVAC	+1 512-258-9998	https://austexair.com/	737 Co Rd 148	Georgetown	Texas	78626	4.9	82	https://www.google.com/maps/place/Capitol+Air+Conditioning+Services%2C+LLC/@30.6762822,-97.6593676,14z/data=!4m8!1m2!2m1!1sCapitol+Air+Conditioning+Services%2C+LLC!3m4!1s0x86452911f047634b:0xa914ea43abe155ca!8m2!3d30.6762822!4d-97.6593676
Warren Mechanical HVAC	HVAC	HVAC	+1 713-568-3358	https://www.warrenmechanical.net/	501 S Austin Ave	Georgetown	Texas	78626	5	359	https://www.google.com/maps/place/Austex+Air+Conditioning+%26+Heating+LLC/@30.7104257,-97.59729639999999,14z/data=!4m8!1m2!2m1!1sAustex+Air+Conditioning+%26+Heating+LLC!3m4!1s0x865b326e4e8cea55:0xb2ec9dc23e156487!8m2!3d30.7104257!4d-97.59729639999999
Rembert's Heating and Air Conditioning LLC	HVAC	HVAC	+1 512-948-7522	http://www.rembertshvac.com/	405 Grassland Ln	Georgetown	Texas	78626	4.9	97	https://www.google.com/maps/place/Warren+Mechanical+HVAC/@30.638917399999997,-97.6776605,14z/data=!4m8!1m2!2m1!1sWarren+Mechanical+HVAC!3m4!1s0x8646f1004de950bb:0xa7c74e52e43dc973!8m2!3d30.638917399999997!4d-97.6776605
All Purpose Heating and Air, LLC	HVAC	HVAC	+1 512-930-3750	https://allpurposeair.com/	201 Co Rd 330	Georgetown	Texas	78628	4.6	23	https://www.google.com/maps/place/Rembert%27s+Heating+and+Air+Conditioning+LLC/@30.650731399999998,-97.7048619,14z/data=!4m8!1m2!2m1!1sRembert%27s+Heating+and+Air+Conditioning+LLC!3m4!1s0x8644d5e418101159:0xe7bc2a5a1bb50df3!8m2!3d30.650731399999998!4d-97.7048619
Excel Air	HVAC	HVAC	+1 713-300-2803	http://www.excelairconditioning.com/	6125 W Sam Houston Pkwy N Suite 301	Georgetown	Texas	78628	5	907	https://www.google.com/maps/place/Neal+HVAC/@30.655106,-97.67887499999999,14z/data=!4m8!1m2!2m1!1sNeal+HVAC!3m4!1s0x8644db1c6f26fd7d:0xe81d2c20603a3c41!8m2!3d30.655106!4d-97.67887499999999
Reliant Plumbing - Georgetown	Plumber	Plumber	+1 512-688-8861	https://reliantplumbing.com/areas-we-serve/georgetown/%3Futm_source%3Dgoogle%26utm_medium%3Dwebsite%26utm_campaign%3Dgeorgetowngbp%26utm_id%3Dgeorgetown-GBP	1616 Williams Dr Suite 101, Georgetown, TX 78628	Georgetown	Texas	78628	4.8	448	https://www.google.com/maps/place/Reliant+Plumbing+-+Georgetown/@30.656359199999997,-97.6860293,14z/data=!4m8!1m2!2m1!1sReliant+Plumbing+-+Georgetown!3m4!1s0x8644d70053024add:0x938ed9ea49f649e9!8m2!3d30.656359199999997!4d-97.6860293
Neighborhood Plumbing and Drain - Georgetown	Plumber	Plumber	+1 512-869-1331	https://neighborhoodplumbinganddrain.com/georgetown-plumber/	104 Country Rd, Georgetown, TX 78628	Georgetown	Texas	78628	4.9	551	https://www.google.com/maps/place/Neighborhood+Plumbing+and+Drain+-+Georgetown/@30.676427,-97.7076156,14z/data=!4m8!1m2!2m1!1sNeighborhood+Plumbing+and+Drain+-+Georgetown!3m4!1s0x86452a050d3c4bdb:0xdac57d55f39d93bd!8m2!3d30.676427!4d-97.7076156
Sosa Plumbing Services	Plumber	Plumber	+1 737-232-6095	https://sosaservicestx.com/	2200 S Church St Unit 7, Georgetown, TX 78626	Georgetown	Texas	78626	4.9	429	https://www.google.com/maps/place/Sosa+Plumbing+Services/@30.625511699999997,-97.67400459999999,14z/data=!4m8!1m2!2m1!1sSosa+Plumbing+Services!3m4!1s0x8644d7a420275e8d:0x663e23efab82d079!8m2!3d30.625511699999997!4d-97.67400459999999
Walker Plumbing Co Inc	Plumber	Plumber	+1 512-863-0469		375 Green Acres, Georgetown, TX 78626	Georgetown	Texas	78626	4.9	68	https://www.google.com/maps/place/Walker+Plumbing+Co+Inc/@30.7389095,-97.6259322,14z/data=!4m8!1m2!2m1!1sWalker+Plumbing+Co+Inc!3m4!1s0x8645289646c6d6a7:0x9fde43c778e5f745!8m2!3d30.7389095!4d-97.6259322
GTX Plumbing	Plumber	Plumber	+1 512-688-7442	http://gtxplumbing.com/	107 Halmar Cove #141, Georgetown, TX 78628	Georgetown	Texas	78628	4.8	66	https://www.google.com/maps/place/GTX+Plumbing/@30.684821799999998,-97.67135859999999,14z/data=!4m8!1m2!2m1!1sGTX+Plumbing!3m4!1s0x8644d78b4fec4ff9:0xcced20b4b89af812!8m2!3d30.684821799999998!4d-97.67135859999999
Leander Plumber Company	Plumber	Plumber	+1 737-425-0162	https://cmkplumbergeorgetown.com/	550 W 22nd St, Georgetown, TX 78626	Georgetown	Texas	78626	5	11	https://www.google.com/maps/place/Leander+Plumber+Company/@30.6241848,-97.6820702,14z/data=!4m8!1m2!2m1!1sLeander+Plumber+Company!3m4!1s0x201f2291ba8f7f6b:0x21cd573cdf13e525!8m2!3d30.6241848!4d-97.6820702
Mainstream Services Inc	Plumber	Plumber	+1 512-930-9535	http://www.mainstreamservicesinc.com/	105 Halmar Cove #200, Georgetown, TX 78628	Georgetown	Texas	78628	4.9	92	https://www.google.com/maps/place/Mainstream+Services+Inc/@30.6844449,-97.6719792,14z/data=!4m8!1m2!2m1!1sMainstream+Services+Inc!3m4!1s0x864529c391fb24f7:0xbaa4537ebb86ae3a!8m2!3d30.6844449!4d-97.6719792
Plumb Intended	Plumber	Plumber	+1 512-630-9968	https://www.plumbintended.com/	361 Logan Ranch Rd, Georgetown, TX 78628	Georgetown	Texas	78628	4.8	94	https://www.google.com/maps/place/Plumb+Intended/@30.7037618,-97.68993619999999,14z/data=!4m8!1m2!2m1!1sPlumb+Intended!3m4!1s0x8645296357389c71:0x7c186a017df28b21!8m2!3d30.7037618!4d-97.7048619
Shelton Plumbing Georgetown	Plumber	Plumber	+1 512-994-1610	https://shelton-plumbing.com/	40203 Industrial Park Cir, Georgetown, TX 78626	Georgetown	Texas	78626	5	30	https://www.google.com/maps/place/Shelton+Plumbing+Georgetown/@30.675522599999997,-97.66221399999999,14z/data=!4m8!1m2!2m1!1sShelton+Plumbing+Georgetown!3m4!1s0x86452909028c26cd:0x88b65bea3f56dec6!8m2!3d30.675522599999997!4d-97.66221399999999
Lee Whiteaker Plumbing	Plumber	Plumber	+1 512-869-4828		2100 Co Rd 152, Georgetown, TX 78626	Georgetown	Texas	78626	4.9	35	https://www.google.com/maps/place/Lee+Whiteaker+Plumbing/@30.6859646,-97.63409879999999,14z/data=!4m8!1m2!2m1!1sLee+Whiteaker+Plumbing!3m4!1s0x8645283d9dda7fb7:0xef2a169fa7ff73ae!8m2!3d30.6859646!4d-97.63409879999999
Affordable Plus Plumbing	Plumber	Plumber	+1 512-243-0011	http://affordableplusplumbing.com/index.html	412 Grassland Ln, Georgetown, TX 78628	Georgetown	Texas	78628	4.3	41	https://www.google.com/maps/place/Affordable+Plus+Plumbing/@30.652682,-97.70566099999999,14z/data=!4m8!1m2!2m1!1sAffordable+Plus+Plumbing!3m4!1s0x8644d5e459f9097b:0x81c19e37b69f9c86!8m2!3d30.652682!4d-97.70566099999999
Power Plumber Georgetown	Plumber	Plumber	+1 737-200-5479	http://powerplumbergeorgetown.com/	1907 S Austin Ave, Georgetown, TX 78626	Georgetown	Texas	78626	5	5	https://www.google.com/maps/place/Power+Plumber+Georgetown/@30.627477,-97.67759099999999,14z/data=!4m8!1m2!2m1!1sPower+Plumber+Georgetown!3m4!1s0x99beaf862656527:0x7aa0f36b9e649b79!8m2!3d30.627477!4d-97.67759099999999
LMH Plumbing	Plumber	Plumber	+1 512-930-0570		40211 Industrial Park Cir, Georgetown, TX 78626	Georgetown	Texas	78626	3	4	https://www.google.com/maps/place/LMH+Plumbing/@30.675912699999998,-97.6609478,14z/data=!4m8!1m2!2m1!1sLMH+Plumbing!3m4!1s0x864529d1527049b7:0xa56437fe45cfef4c!8m2!3d30.675912699999998!4d-97.6609478
G3 Plumbing	Plumber	Plumber	+1 512-630-7548		2930 FM971, Georgetown, TX 78626	Georgetown	Texas	78626	4.1	25	https://www.google.com/maps/place/G3+Plumbing/@30.6735059,-97.6271421,14z/data=!4m8!1m2!2m1!1sG3+Plumbing!3m4!1s0x8645281ddd02247d:0x7d9cf2c7b2f88ca9!8m2!3d30.6735059!4d-97.6271421
Blue Ribbon Cooling, Heating, Plumbing, & Electrical | Plumber and HVAC Contractors Georgetown, TX	Plumber	Plumber	+1 512-598-8915	https://www.blueribbonservices.com/%3Futm_source%3Dgoogle%26utm_medium%3Dgmb%26utm_campaign%3Dbrs%2520-%2520gbp%2520-%2520georgetown	501 S Austin Ave floor 2 office 72, Georgetown, TX 78626	Georgetown	Texas	78626	4.8	91	https://www.google.com/maps/place/Blue+Ribbon+Cooling%2C+Heating%2C+Plumbing%2C+%26+Electrical+%7C+Plumber+and+HVAC+Contractors+Georgetown%2C+TX/@30.638917399999997,-97.6776605,14z/data=!4m8!1m2!2m1!1sBlue+Ribbon+Cooling%2C+Heating%2C+Plumbing%2C+%26+Electrical+%7C+Plumber+and+HVAC+Contractors+Georgetown%2C+TX!3m4!1s0x8644d7db00e44031:0x2d196601d02d3edb!8m2!3d30.638917399999997!4d-97.6776605
PlumbPros	Plumber	Plumber	+1 512-400-3568	https://www.plumbprostx.com/	2508 Williams Dr #201, Georgetown, TX 78628	Georgetown	Texas	78628	5	104	https://www.google.com/maps/place/PlumbPros/@30.6602702,-97.6901817,14z/data=!4m8!1m2!2m1!1sPlumbPros!3m4!1s0xd6860fbd35f57f9:0xda4e6c9d3e1ebdbc!8m2!3d30.6602702!4d-97.6901817
Reece Plumbing	Plumber	Plumber	+1 512-375-4677	https://www.reece.com/plumbing	4045 Airport Rd Suite 101, Georgetown, TX 78628	Georgetown	Texas	78628	5	4	https://www.google.com/maps/place/Reece+Plumbing/@30.6851974,-97.6724668,14z/data=!4m8!1m2!2m1!1sReece+Plumbing!3m4!1s0x864529774208fdaf:0xffa462b8d280ffea!8m2!3d30.6851974!4d-97.6724668
Greengo Plumbing Services	Plumber	Plumber	+1 512-784-2389	http://www.greengoplumbing.com/	9001 Daisy Cutter Crossing, Georgetown, TX 78626	Georgetown	Texas	78626	4.6	20	https://www.google.com/maps/place/Greengo+Plumbing+Services/@30.621852099999998,-97.6348714,14z/data=!4m8!1m2!2m1!1sGreengo+Plumbing+Services!3m4!1s0x8644e742ce13ffff:0x43d21c444ad10253!8m2!3d30.621852099999998!4d-97.6348714
Brown Plumbing Co.	Plumber	Plumber	+1 737-383-2273	https://brownplumbingcoinc.com/	205 E University Ave #171, Georgetown, TX 78626	Georgetown	Texas	78626	5	9	https://www.google.com/maps/place/Brown+Plumbing+Co./@30.633777199999997,-97.6754558,14z/data=!4m8!1m2!2m1!1sBrown+Plumbing+Co.!3m4!1s0x8644d7c96fff42ef:0x86eaf5d953e893dd!8m2!3d30.633777199999997!4d-97.6754558
Plumbing Outfitters	Plumber	Plumber	+1 737-334-3431	https://plumbingoutfitters.com/round-rock/%3Futm_source%3Dgoogle%26utm_medium%3Dorganic%26utm_campaign%3Dlocal%2Blistings	1311 Chisholm Trail Rd Suite 404, Round Rock, TX 78681	Round Rock	Texas	78681	4.9	256	https://www.google.com/maps/place/Plumbing+Outfitters/@30.519905299999998,-97.69146959999999,14z/data=!4m8!1m2!2m1!1sPlumbing+Outfitters!3m4!1s0x8644d18cd63b6073:0xa661b202f27c4db7!8m2!3d30.519905299999998!4d-97.69146959999999
American Eagle Plumbing, Inc.	Plumber	Plumber	+1 737-260-5607	https://americaneagleplumbing.net/%3Futm_source%3Dgoogle%26utm_medium%3Dorganic%26utm_campaign%3Dgmb-profile-hutto	525 Pvt Rd 900, Hutto, TX 78634	Hutto	Texas	78634	4.9	698	https://www.google.com/maps/place/American+Eagle+Plumbing%2C+Inc./@30.5841374,-97.58226359999999,14z/data=!4m8!1m2!2m1!1sAmerican+Eagle+Plumbing%2C+Inc.!3m4!1s0x8644db1bf54a1a91:0x50698cb58df0ed70!8m2!3d30.5841374!4d-97.58226359999999
Roger's Plumbing	Plumber	Plumber	+1 737-240-3477	https://www.callrogersplumbing.com/%3Futm_source%3DGMB%26utm_medium%3Dorganic%26utm_campaign%3Dleander	7696 183A Toll Rd #4B, Leander, TX 78641	Leander	Texas	78641	4.8	968	https://www.google.com/maps/place/Roger%E2%80%99s+Plumbing/@30.5665151,-97.8228597,14z/data=!4m8!1m2!2m1!1sRoger%E2%80%99s+Plumbing!3m4!1s0x865b2dd1dea1f21d:0x81a7eee3b3b9c7c8!8m2!3d30.5665151!4d-97.8228597
JustUs Plumbing	Plumber	Plumber	+1 512-503-1098	https://www.justusplumbingservices.com/%3Futm_campaign%3Dgmb	1622 Belvedere Pl, Round Rock, TX 78665	Round Rock	Texas	78665	4.9	827	https://www.google.com/maps/place/JustUs+Plumbing/@30.5031879,-97.6294795,14z/data=!4m8!1m2!2m1!1sJustUs+Plumbing!3m4!1s0x8644d138d9197267:0x9827448ae3f3d6ec!8m2!3d30.5031879!4d-97.6294795
Crows Plumbing Service	Plumber	Plumber	+1 512-643-7979	https://www.crowsplumbing.com/	1500 Chisholm Trail Rd suite 100, Round Rock, TX 78681	Round Rock	Texas	78681	4.9	2157	https://www.google.com/maps/place/Crows+Plumbing+Service/@30.5209969,-97.69262309999999,14z/data=!4m8!1m2!2m1!1sCrows+Plumbing+Service!3m4!1s0x8644d19b59c28daf:0xcc58c6d9c187e57a!8m2!3d30.5209969!4d-97.69262309999999
Texas Legacy Plumbing	Plumber	Plumber	+1 512-970-7782	http://www.txlplumbing.com/	437 Bauer Lp, Liberty Hill, TX 78642	Liberty Hill	Texas	78642	5	194	https://www.google.com/maps/place/Texas+Legacy+Plumbing/@30.704867999999998,-97.90776,14z/data=!4m8!1m2!2m1!1sTexas+Legacy+Plumbing!3m4!1s0x2bea928551db3b5f:0x5f1ece2834afa123!8m2!3d30.704867999999998!4d-97.90776
Fain Sewer & Drain	Plumber	Plumber	+1 512-630-4540		1001 London Ln, Georgetown, TX 78626	Georgetown	Texas	78626	4.5	12	https://www.google.com/maps/place/Fain+Sewer+%26+Drain/@30.6221276,-97.6663519,14z/data=!4m8!1m2!2m1!1sFain+Sewer+%26+Drain!3m4!1s0x8644d6f792041f21:0x4ed73479fa69d714!8m2!3d30.6221276!4d-97.6663519
Texas Aerobic Systems	Plumber	Plumber	+1 512-818-2902		Greenridge Rd, Georgetown, TX 78628	Georgetown	Texas	78628	4	20	https://www.google.com/maps/place/Texas+Aerobic+Systems/@30.6580707,-97.7169567,14z/data=!4m8!1m2!2m1!1sTexas+Aerobic+Systems!3m4!1s0x8644d5f3ab4b5197:0x3f678f9d032b394d!8m2!3d30.6580707!4d-97.7169567
Proven Plumbing & Air	Plumber	Plumber	+1 512-775-1234	https://www.callproven.com/	300 Brushy Creek Rd Suite 402, Cedar Park, TX 78613	Cedar Park	Texas	78613	4.9	2787	https://www.google.com/maps/place/Proven+Plumbing+%26+Air/@30.504613499999998,-97.8164888,14z/data=!4m8!1m2!2m1!1sProven+Plumbing+%26+Air!3m4!1s0x865b2d0a040a4699:0xc66d03ddbebe4e87!8m2!3d30.504613499999998!4d-97.8164888
OnCall Plumbing	Plumber	Plumber	+1 512-288-1564	https://www.oncallplumbingatx.com/	247 Clear Frk Lp, Liberty Hill, TX 78642	Liberty Hill	Texas	78642	4.9	636	https://www.google.com/maps/place/OnCall+Plumbing/@30.649722099999998,-97.8485364,14z/data=!4m8!1m2!2m1!1sOnCall+Plumbing!3m4!1s0x865b4d1426afdc39:0xb472ec82014672e8!8m2!3d30.649722099999998!4d-97.8485364
ROD Plumbing Inc	Plumber	Plumber	+1 512-838-1182	https://www.rodplumbingtexas.com/%3Futm_source%3DGBPlisting%26utm_medium%3Dorganic	1 Chisholm Trail Rd Suite 450 - #4350, Round Rock, TX 78681	Round Rock	Texas	78681	5	259	https://www.google.com/maps/place/ROD+Plumbing+Inc/@30.513975,-97.6881767,14z/data=!4m8!1m2!2m1!1sROD+Plumbing+Inc!3m4!1s0x8644d116abc70eb3:0xf655eec981de39b4!8m2!3d30.513975!4d-97.6881767
Excalibur Plumbing	Plumber	Plumber	+1 512-487-1388	http://excaliburplumbing.com/	11880 Hero Way W #308, Leander, TX 78641	Leander	Texas	78641	4.7	403	https://www.google.com/maps/place/Excalibur+Plumbing/@30.5780346,-97.8695666,14z/data=!4m8!1m2!2m1!1sExcalibur+Plumbing!3m4!1s0x865b2be2da7cbe75:0xf3450a1e6fd591cf!8m2!3d30.5780346!4d-97.8695666
